sample_id	bam_file	bam_bai_file
scga-mini-dna-001-tumor	/Users/ajslee/Documents/Research/projects/project_exacto/exacto/test/data/alignment/scga-mini-dna-001-tumor_minimap2_sorted.bam	/Users/ajslee/Documents/Research/projects/project_exacto/exacto/test/data/alignment/scga-mini-dna-001-tumor_minimap2_sorted.bam.bai
scga-mini-dna-001-normal	/Users/ajslee/Documents/Research/projects/project_exacto/exacto/test/data/alignment/scga-mini-dna-001-normal_minimap2_sorted.bam	/Users/ajslee/Documents/Research/projects/project_exacto/exacto/test/data/alignment/scga-mini-dna-001-normal_minimap2_sorted.bam.bai
scga-mini-dna-002-tumor	/Users/ajslee/Documents/Research/projects/project_exacto/exacto/test/data/alignment/scga-mini-dna-002-tumor_minimap2_sorted.bam	/Users/ajslee/Documents/Research/projects/project_exacto/exacto/test/data/alignment/scga-mini-dna-002-tumor_minimap2_sorted.bam.bai
scga-mini-dna-002-normal	/Users/ajslee/Documents/Research/projects/project_exacto/exacto/test/data/alignment/scga-mini-dna-002-normal_minimap2_sorted.bam	/Users/ajslee/Documents/Research/projects/project_exacto/exacto/test/data/alignment/scga-mini-dna-002-normal_minimap2_sorted.bam.bai
scga-mini-dna-003-tumor	/Users/ajslee/Documents/Research/projects/project_exacto/exacto/test/data/alignment/scga-mini-dna-003-tumor_minimap2_sorted.bam	/Users/ajslee/Documents/Research/projects/project_exacto/exacto/test/data/alignment/scga-mini-dna-003-tumor_minimap2_sorted.bam.bai
scga-mini-dna-003-normal	/Users/ajslee/Documents/Research/projects/project_exacto/exacto/test/data/alignment/scga-mini-dna-003-normal_minimap2_sorted.bam	/Users/ajslee/Documents/Research/projects/project_exacto/exacto/test/data/alignment/scga-mini-dna-003-normal_minimap2_sorted.bam.bai
scga-mini-dna-004-tumor	/Users/ajslee/Documents/Research/projects/project_exacto/exacto/test/data/alignment/scga-mini-dna-004-tumor_minimap2_sorted.bam	/Users/ajslee/Documents/Research/projects/project_exacto/exacto/test/data/alignment/scga-mini-dna-004-tumor_minimap2_sorted.bam.bai
scga-mini-dna-004-normal	/Users/ajslee/Documents/Research/projects/project_exacto/exacto/test/data/alignment/scga-mini-dna-004-normal_minimap2_sorted.bam	/Users/ajslee/Documents/Research/projects/project_exacto/exacto/test/data/alignment/scga-mini-dna-004-normal_minimap2_sorted.bam.bai
scga-mini-dna-005-tumor	/Users/ajslee/Documents/Research/projects/project_exacto/exacto/test/data/alignment/scga-mini-dna-005-tumor_minimap2_sorted.bam	/Users/ajslee/Documents/Research/projects/project_exacto/exacto/test/data/alignment/scga-mini-dna-005-tumor_minimap2_sorted.bam.bai
scga-mini-dna-005-normal	/Users/ajslee/Documents/Research/projects/project_exacto/exacto/test/data/alignment/scga-mini-dna-005-normal_minimap2_sorted.bam	/Users/ajslee/Documents/Research/projects/project_exacto/exacto/test/data/alignment/scga-mini-dna-005-normal_minimap2_sorted.bam.bai
scga-mini-dna-006-tumor	/Users/ajslee/Documents/Research/projects/project_exacto/exacto/test/data/alignment/scga-mini-dna-006-tumor_minimap2_sorted.bam	/Users/ajslee/Documents/Research/projects/project_exacto/exacto/test/data/alignment/scga-mini-dna-006-tumor_minimap2_sorted.bam.bai
scga-mini-dna-006-normal	/Users/ajslee/Documents/Research/projects/project_exacto/exacto/test/data/alignment/scga-mini-dna-006-normal_minimap2_sorted.bam	/Users/ajslee/Documents/Research/projects/project_exacto/exacto/test/data/alignment/scga-mini-dna-006-normal_minimap2_sorted.bam.bai
scga-mini-dna-007-tumor	/Users/ajslee/Documents/Research/projects/project_exacto/exacto/test/data/alignment/scga-mini-dna-007-tumor_minimap2_sorted.bam	/Users/ajslee/Documents/Research/projects/project_exacto/exacto/test/data/alignment/scga-mini-dna-007-tumor_minimap2_sorted.bam.bai
scga-mini-dna-007-normal	/Users/ajslee/Documents/Research/projects/project_exacto/exacto/test/data/alignment/scga-mini-dna-007-normal_minimap2_sorted.bam	/Users/ajslee/Documents/Research/projects/project_exacto/exacto/test/data/alignment/scga-mini-dna-007-normal_minimap2_sorted.bam.bai
scga-mini-dna-008-tumor	/Users/ajslee/Documents/Research/projects/project_exacto/exacto/test/data/alignment/scga-mini-dna-008-tumor_minimap2_sorted.bam	/Users/ajslee/Documents/Research/projects/project_exacto/exacto/test/data/alignment/scga-mini-dna-008-tumor_minimap2_sorted.bam.bai
scga-mini-dna-008-normal	/Users/ajslee/Documents/Research/projects/project_exacto/exacto/test/data/alignment/scga-mini-dna-008-normal_minimap2_sorted.bam	/Users/ajslee/Documents/Research/projects/project_exacto/exacto/test/data/alignment/scga-mini-dna-008-normal_minimap2_sorted.bam.bai
scga-mini-dna-009-tumor	/Users/ajslee/Documents/Research/projects/project_exacto/exacto/test/data/alignment/scga-mini-dna-009-tumor_minimap2_sorted.bam	/Users/ajslee/Documents/Research/projects/project_exacto/exacto/test/data/alignment/scga-mini-dna-009-tumor_minimap2_sorted.bam.bai
scga-mini-dna-009-normal	/Users/ajslee/Documents/Research/projects/project_exacto/exacto/test/data/alignment/scga-mini-dna-009-normal_minimap2_sorted.bam	/Users/ajslee/Documents/Research/projects/project_exacto/exacto/test/data/alignment/scga-mini-dna-009-normal_minimap2_sorted.bam.bai
scga-mini-dna-010-tumor	/Users/ajslee/Documents/Research/projects/project_exacto/exacto/test/data/alignment/scga-mini-dna-010-tumor_minimap2_sorted.bam	/Users/ajslee/Documents/Research/projects/project_exacto/exacto/test/data/alignment/scga-mini-dna-010-tumor_minimap2_sorted.bam.bai
scga-mini-dna-010-normal	/Users/ajslee/Documents/Research/projects/project_exacto/exacto/test/data/alignment/scga-mini-dna-010-normal_minimap2_sorted.bam	/Users/ajslee/Documents/Research/projects/project_exacto/exacto/test/data/alignment/scga-mini-dna-010-normal_minimap2_sorted.bam.bai
scga-mini-dna-011-tumor	/Users/ajslee/Documents/Research/projects/project_exacto/exacto/test/data/alignment/scga-mini-dna-011-tumor_minimap2_sorted.bam	/Users/ajslee/Documents/Research/projects/project_exacto/exacto/test/data/alignment/scga-mini-dna-011-tumor_minimap2_sorted.bam.bai
scga-mini-dna-011-normal	/Users/ajslee/Documents/Research/projects/project_exacto/exacto/test/data/alignment/scga-mini-dna-011-normal_minimap2_sorted.bam	/Users/ajslee/Documents/Research/projects/project_exacto/exacto/test/data/alignment/scga-mini-dna-011-normal_minimap2_sorted.bam.bai
scga-mini-dna-012-tumor	/Users/ajslee/Documents/Research/projects/project_exacto/exacto/test/data/alignment/scga-mini-dna-012-tumor_minimap2_sorted.bam	/Users/ajslee/Documents/Research/projects/project_exacto/exacto/test/data/alignment/scga-mini-dna-012-tumor_minimap2_sorted.bam.bai
scga-mini-dna-012-normal	/Users/ajslee/Documents/Research/projects/project_exacto/exacto/test/data/alignment/scga-mini-dna-012-normal_minimap2_sorted.bam	/Users/ajslee/Documents/Research/projects/project_exacto/exacto/test/data/alignment/scga-mini-dna-012-normal_minimap2_sorted.bam.bai
scga-mini-dna-013-tumor	/Users/ajslee/Documents/Research/projects/project_exacto/exacto/test/data/alignment/scga-mini-dna-013-tumor_minimap2_sorted.bam	/Users/ajslee/Documents/Research/projects/project_exacto/exacto/test/data/alignment/scga-mini-dna-013-tumor_minimap2_sorted.bam.bai
scga-mini-dna-013-normal	/Users/ajslee/Documents/Research/projects/project_exacto/exacto/test/data/alignment/scga-mini-dna-013-normal_minimap2_sorted.bam	/Users/ajslee/Documents/Research/projects/project_exacto/exacto/test/data/alignment/scga-mini-dna-013-normal_minimap2_sorted.bam.bai
scga-mini-dna-014-tumor	/Users/ajslee/Documents/Research/projects/project_exacto/exacto/test/data/alignment/scga-mini-dna-014-tumor_minimap2_sorted.bam	/Users/ajslee/Documents/Research/projects/project_exacto/exacto/test/data/alignment/scga-mini-dna-014-tumor_minimap2_sorted.bam.bai
scga-mini-dna-014-normal	/Users/ajslee/Documents/Research/projects/project_exacto/exacto/test/data/alignment/scga-mini-dna-014-normal_minimap2_sorted.bam	/Users/ajslee/Documents/Research/projects/project_exacto/exacto/test/data/alignment/scga-mini-dna-014-normal_minimap2_sorted.bam.bai
scga-mini-dna-015-tumor	/Users/ajslee/Documents/Research/projects/project_exacto/exacto/test/data/alignment/scga-mini-dna-015-tumor_minimap2_sorted.bam	/Users/ajslee/Documents/Research/projects/project_exacto/exacto/test/data/alignment/scga-mini-dna-015-tumor_minimap2_sorted.bam.bai
scga-mini-dna-015-normal	/Users/ajslee/Documents/Research/projects/project_exacto/exacto/test/data/alignment/scga-mini-dna-015-normal_minimap2_sorted.bam	/Users/ajslee/Documents/Research/projects/project_exacto/exacto/test/data/alignment/scga-mini-dna-015-normal_minimap2_sorted.bam.bai
scga-mini-dna-016-tumor	/Users/ajslee/Documents/Research/projects/project_exacto/exacto/test/data/alignment/scga-mini-dna-016-tumor_minimap2_sorted.bam	/Users/ajslee/Documents/Research/projects/project_exacto/exacto/test/data/alignment/scga-mini-dna-016-tumor_minimap2_sorted.bam.bai
scga-mini-dna-016-normal	/Users/ajslee/Documents/Research/projects/project_exacto/exacto/test/data/alignment/scga-mini-dna-016-normal_minimap2_sorted.bam	/Users/ajslee/Documents/Research/projects/project_exacto/exacto/test/data/alignment/scga-mini-dna-016-normal_minimap2_sorted.bam.bai
