sample_id	subreads_bam_file
scga-mini-dna-001-tumor	/Users/ajslee/Documents/Research/projects/project_exacto/exacto/test/data/simulation/fastq/pbsim3/scga-mini-dna-001-tumor/pbsim3/scga-mini-dna-001-tumor_pbsim3.merged.bam
scga-mini-dna-001-normal	/Users/ajslee/Documents/Research/projects/project_exacto/exacto/test/data/simulation/fastq/pbsim3/scga-mini-dna-001-normal/pbsim3/scga-mini-dna-001-normal_pbsim3.merged.bam
scga-mini-dna-002-tumor	/Users/ajslee/Documents/Research/projects/project_exacto/exacto/test/data/simulation/fastq/pbsim3/scga-mini-dna-002-tumor/pbsim3/scga-mini-dna-002-tumor_pbsim3.merged.bam
scga-mini-dna-002-normal	/Users/ajslee/Documents/Research/projects/project_exacto/exacto/test/data/simulation/fastq/pbsim3/scga-mini-dna-002-normal/pbsim3/scga-mini-dna-002-normal_pbsim3.merged.bam
scga-mini-dna-003-tumor	/Users/ajslee/Documents/Research/projects/project_exacto/exacto/test/data/simulation/fastq/pbsim3/scga-mini-dna-003-tumor/pbsim3/scga-mini-dna-003-tumor_pbsim3.merged.bam
scga-mini-dna-003-normal	/Users/ajslee/Documents/Research/projects/project_exacto/exacto/test/data/simulation/fastq/pbsim3/scga-mini-dna-003-normal/pbsim3/scga-mini-dna-003-normal_pbsim3.merged.bam
scga-mini-dna-004-tumor	/Users/ajslee/Documents/Research/projects/project_exacto/exacto/test/data/simulation/fastq/pbsim3/scga-mini-dna-004-tumor/pbsim3/scga-mini-dna-004-tumor_pbsim3.merged.bam
scga-mini-dna-004-normal	/Users/ajslee/Documents/Research/projects/project_exacto/exacto/test/data/simulation/fastq/pbsim3/scga-mini-dna-004-normal/pbsim3/scga-mini-dna-004-normal_pbsim3.merged.bam
scga-mini-dna-005-tumor	/Users/ajslee/Documents/Research/projects/project_exacto/exacto/test/data/simulation/fastq/pbsim3/scga-mini-dna-005-tumor/pbsim3/scga-mini-dna-005-tumor_pbsim3.merged.bam
scga-mini-dna-005-normal	/Users/ajslee/Documents/Research/projects/project_exacto/exacto/test/data/simulation/fastq/pbsim3/scga-mini-dna-005-normal/pbsim3/scga-mini-dna-005-normal_pbsim3.merged.bam
scga-mini-dna-006-tumor	/Users/ajslee/Documents/Research/projects/project_exacto/exacto/test/data/simulation/fastq/pbsim3/scga-mini-dna-006-tumor/pbsim3/scga-mini-dna-006-tumor_pbsim3.merged.bam
scga-mini-dna-006-normal	/Users/ajslee/Documents/Research/projects/project_exacto/exacto/test/data/simulation/fastq/pbsim3/scga-mini-dna-006-normal/pbsim3/scga-mini-dna-006-normal_pbsim3.merged.bam
scga-mini-dna-007-tumor	/Users/ajslee/Documents/Research/projects/project_exacto/exacto/test/data/simulation/fastq/pbsim3/scga-mini-dna-007-tumor/pbsim3/scga-mini-dna-007-tumor_pbsim3.merged.bam
scga-mini-dna-007-normal	/Users/ajslee/Documents/Research/projects/project_exacto/exacto/test/data/simulation/fastq/pbsim3/scga-mini-dna-007-normal/pbsim3/scga-mini-dna-007-normal_pbsim3.merged.bam
scga-mini-dna-008-tumor	/Users/ajslee/Documents/Research/projects/project_exacto/exacto/test/data/simulation/fastq/pbsim3/scga-mini-dna-008-tumor/pbsim3/scga-mini-dna-008-tumor_pbsim3.merged.bam
scga-mini-dna-008-normal	/Users/ajslee/Documents/Research/projects/project_exacto/exacto/test/data/simulation/fastq/pbsim3/scga-mini-dna-008-normal/pbsim3/scga-mini-dna-008-normal_pbsim3.merged.bam
scga-mini-dna-009-tumor	/Users/ajslee/Documents/Research/projects/project_exacto/exacto/test/data/simulation/fastq/pbsim3/scga-mini-dna-009-tumor/pbsim3/scga-mini-dna-009-tumor_pbsim3.merged.bam
scga-mini-dna-009-normal	/Users/ajslee/Documents/Research/projects/project_exacto/exacto/test/data/simulation/fastq/pbsim3/scga-mini-dna-009-normal/pbsim3/scga-mini-dna-009-normal_pbsim3.merged.bam
scga-mini-dna-010-tumor	/Users/ajslee/Documents/Research/projects/project_exacto/exacto/test/data/simulation/fastq/pbsim3/scga-mini-dna-010-tumor/pbsim3/scga-mini-dna-010-tumor_pbsim3.merged.bam
scga-mini-dna-010-normal	/Users/ajslee/Documents/Research/projects/project_exacto/exacto/test/data/simulation/fastq/pbsim3/scga-mini-dna-010-normal/pbsim3/scga-mini-dna-010-normal_pbsim3.merged.bam
scga-mini-dna-011-tumor	/Users/ajslee/Documents/Research/projects/project_exacto/exacto/test/data/simulation/fastq/pbsim3/scga-mini-dna-011-tumor/pbsim3/scga-mini-dna-011-tumor_pbsim3.merged.bam
scga-mini-dna-011-normal	/Users/ajslee/Documents/Research/projects/project_exacto/exacto/test/data/simulation/fastq/pbsim3/scga-mini-dna-011-normal/pbsim3/scga-mini-dna-011-normal_pbsim3.merged.bam
scga-mini-dna-012-tumor	/Users/ajslee/Documents/Research/projects/project_exacto/exacto/test/data/simulation/fastq/pbsim3/scga-mini-dna-012-tumor/pbsim3/scga-mini-dna-012-tumor_pbsim3.merged.bam
scga-mini-dna-012-normal	/Users/ajslee/Documents/Research/projects/project_exacto/exacto/test/data/simulation/fastq/pbsim3/scga-mini-dna-012-normal/pbsim3/scga-mini-dna-012-normal_pbsim3.merged.bam
scga-mini-dna-013-tumor	/Users/ajslee/Documents/Research/projects/project_exacto/exacto/test/data/simulation/fastq/pbsim3/scga-mini-dna-013-tumor/pbsim3/scga-mini-dna-013-tumor_pbsim3.merged.bam
scga-mini-dna-013-normal	/Users/ajslee/Documents/Research/projects/project_exacto/exacto/test/data/simulation/fastq/pbsim3/scga-mini-dna-013-normal/pbsim3/scga-mini-dna-013-normal_pbsim3.merged.bam
scga-mini-dna-014-tumor	/Users/ajslee/Documents/Research/projects/project_exacto/exacto/test/data/simulation/fastq/pbsim3/scga-mini-dna-014-tumor/pbsim3/scga-mini-dna-014-tumor_pbsim3.merged.bam
scga-mini-dna-014-normal	/Users/ajslee/Documents/Research/projects/project_exacto/exacto/test/data/simulation/fastq/pbsim3/scga-mini-dna-014-normal/pbsim3/scga-mini-dna-014-normal_pbsim3.merged.bam
scga-mini-dna-015-tumor	/Users/ajslee/Documents/Research/projects/project_exacto/exacto/test/data/simulation/fastq/pbsim3/scga-mini-dna-015-tumor/pbsim3/scga-mini-dna-015-tumor_pbsim3.merged.bam
scga-mini-dna-015-normal	/Users/ajslee/Documents/Research/projects/project_exacto/exacto/test/data/simulation/fastq/pbsim3/scga-mini-dna-015-normal/pbsim3/scga-mini-dna-015-normal_pbsim3.merged.bam
scga-mini-dna-016-tumor	/Users/ajslee/Documents/Research/projects/project_exacto/exacto/test/data/simulation/fastq/pbsim3/scga-mini-dna-016-tumor/pbsim3/scga-mini-dna-016-tumor_pbsim3.merged.bam
scga-mini-dna-016-normal	/Users/ajslee/Documents/Research/projects/project_exacto/exacto/test/data/simulation/fastq/pbsim3/scga-mini-dna-016-normal/pbsim3/scga-mini-dna-016-normal_pbsim3.merged.bam
