sample_id	fasta_file
scga-mini-dna-001-tumor	/Users/ajslee/Documents/Research/projects/project_exacto/exacto/test/data/simulation/fasta/scga-mini-dna-001-tumor.fasta
scga-mini-dna-001-normal	/Users/ajslee/Documents/Research/projects/project_exacto/exacto/test/data/simulation/fasta/scga-mini-dna-001-normal.fasta
scga-mini-dna-002-tumor	/Users/ajslee/Documents/Research/projects/project_exacto/exacto/test/data/simulation/fasta/scga-mini-dna-002-tumor.fasta
scga-mini-dna-002-normal	/Users/ajslee/Documents/Research/projects/project_exacto/exacto/test/data/simulation/fasta/scga-mini-dna-002-normal.fasta
scga-mini-dna-003-tumor	/Users/ajslee/Documents/Research/projects/project_exacto/exacto/test/data/simulation/fasta/scga-mini-dna-003-tumor.fasta
scga-mini-dna-003-normal	/Users/ajslee/Documents/Research/projects/project_exacto/exacto/test/data/simulation/fasta/scga-mini-dna-003-normal.fasta
scga-mini-dna-004-tumor	/Users/ajslee/Documents/Research/projects/project_exacto/exacto/test/data/simulation/fasta/scga-mini-dna-004-tumor.fasta
scga-mini-dna-004-normal	/Users/ajslee/Documents/Research/projects/project_exacto/exacto/test/data/simulation/fasta/scga-mini-dna-004-normal.fasta
scga-mini-dna-005-tumor	/Users/ajslee/Documents/Research/projects/project_exacto/exacto/test/data/simulation/fasta/scga-mini-dna-005-tumor.fasta
scga-mini-dna-005-normal	/Users/ajslee/Documents/Research/projects/project_exacto/exacto/test/data/simulation/fasta/scga-mini-dna-005-normal.fasta
scga-mini-dna-006-tumor	/Users/ajslee/Documents/Research/projects/project_exacto/exacto/test/data/simulation/fasta/scga-mini-dna-006-tumor.fasta
scga-mini-dna-006-normal	/Users/ajslee/Documents/Research/projects/project_exacto/exacto/test/data/simulation/fasta/scga-mini-dna-006-normal.fasta
scga-mini-dna-007-tumor	/Users/ajslee/Documents/Research/projects/project_exacto/exacto/test/data/simulation/fasta/scga-mini-dna-007-tumor.fasta
scga-mini-dna-007-normal	/Users/ajslee/Documents/Research/projects/project_exacto/exacto/test/data/simulation/fasta/scga-mini-dna-007-normal.fasta
scga-mini-dna-008-tumor	/Users/ajslee/Documents/Research/projects/project_exacto/exacto/test/data/simulation/fasta/scga-mini-dna-008-tumor.fasta
scga-mini-dna-008-normal	/Users/ajslee/Documents/Research/projects/project_exacto/exacto/test/data/simulation/fasta/scga-mini-dna-008-normal.fasta
scga-mini-dna-009-tumor	/Users/ajslee/Documents/Research/projects/project_exacto/exacto/test/data/simulation/fasta/scga-mini-dna-009-tumor.fasta
scga-mini-dna-009-normal	/Users/ajslee/Documents/Research/projects/project_exacto/exacto/test/data/simulation/fasta/scga-mini-dna-009-normal.fasta
scga-mini-dna-010-tumor	/Users/ajslee/Documents/Research/projects/project_exacto/exacto/test/data/simulation/fasta/scga-mini-dna-010-tumor.fasta
scga-mini-dna-010-normal	/Users/ajslee/Documents/Research/projects/project_exacto/exacto/test/data/simulation/fasta/scga-mini-dna-010-normal.fasta
scga-mini-dna-011-tumor	/Users/ajslee/Documents/Research/projects/project_exacto/exacto/test/data/simulation/fasta/scga-mini-dna-011-tumor.fasta
scga-mini-dna-011-normal	/Users/ajslee/Documents/Research/projects/project_exacto/exacto/test/data/simulation/fasta/scga-mini-dna-011-normal.fasta
scga-mini-dna-012-tumor	/Users/ajslee/Documents/Research/projects/project_exacto/exacto/test/data/simulation/fasta/scga-mini-dna-012-tumor.fasta
scga-mini-dna-012-normal	/Users/ajslee/Documents/Research/projects/project_exacto/exacto/test/data/simulation/fasta/scga-mini-dna-012-normal.fasta
scga-mini-dna-013-tumor	/Users/ajslee/Documents/Research/projects/project_exacto/exacto/test/data/simulation/fasta/scga-mini-dna-013-tumor.fasta
scga-mini-dna-013-normal	/Users/ajslee/Documents/Research/projects/project_exacto/exacto/test/data/simulation/fasta/scga-mini-dna-013-normal.fasta
scga-mini-dna-014-tumor	/Users/ajslee/Documents/Research/projects/project_exacto/exacto/test/data/simulation/fasta/scga-mini-dna-014-tumor.fasta
scga-mini-dna-014-normal	/Users/ajslee/Documents/Research/projects/project_exacto/exacto/test/data/simulation/fasta/scga-mini-dna-014-normal.fasta
scga-mini-dna-015-tumor	/Users/ajslee/Documents/Research/projects/project_exacto/exacto/test/data/simulation/fasta/scga-mini-dna-015-tumor.fasta
scga-mini-dna-015-normal	/Users/ajslee/Documents/Research/projects/project_exacto/exacto/test/data/simulation/fasta/scga-mini-dna-015-normal.fasta
scga-mini-dna-016-tumor	/Users/ajslee/Documents/Research/projects/project_exacto/exacto/test/data/simulation/fasta/scga-mini-dna-016-tumor.fasta
scga-mini-dna-016-normal	/Users/ajslee/Documents/Research/projects/project_exacto/exacto/test/data/simulation/fasta/scga-mini-dna-016-normal.fasta