sample_id	fastq_file
scga-mini-rna-001-tumor_pass2_exacto_rna_consensus	/Users/ajslee/Documents/Research/projects/project_exacto/exacto/test/data/assembly/rna/pass2/scga-mini-rna-001-tumor_pass2_exacto_rna_consensus.fasta
scga-mini-rna-002-tumor_pass2_exacto_rna_consensus	/Users/ajslee/Documents/Research/projects/project_exacto/exacto/test/data/assembly/rna/pass2/scga-mini-rna-002-tumor_pass2_exacto_rna_consensus.fasta
scga-mini-rna-003-tumor_pass2_exacto_rna_consensus	/Users/ajslee/Documents/Research/projects/project_exacto/exacto/test/data/assembly/rna/pass2/scga-mini-rna-003-tumor_pass2_exacto_rna_consensus.fasta
scga-mini-rna-004-tumor_pass2_exacto_rna_consensus	/Users/ajslee/Documents/Research/projects/project_exacto/exacto/test/data/assembly/rna/pass2/scga-mini-rna-004-tumor_pass2_exacto_rna_consensus.fasta
scga-mini-rna-005-tumor_pass2_exacto_rna_consensus	/Users/ajslee/Documents/Research/projects/project_exacto/exacto/test/data/assembly/rna/pass2/scga-mini-rna-005-tumor_pass2_exacto_rna_consensus.fasta
scga-mini-rna-006-tumor_pass2_exacto_rna_consensus	/Users/ajslee/Documents/Research/projects/project_exacto/exacto/test/data/assembly/rna/pass2/scga-mini-rna-006-tumor_pass2_exacto_rna_consensus.fasta
scga-mini-rna-007-tumor_pass2_exacto_rna_consensus	/Users/ajslee/Documents/Research/projects/project_exacto/exacto/test/data/assembly/rna/pass2/scga-mini-rna-007-tumor_pass2_exacto_rna_consensus.fasta
scga-mini-rna-008-tumor_pass2_exacto_rna_consensus	/Users/ajslee/Documents/Research/projects/project_exacto/exacto/test/data/assembly/rna/pass2/scga-mini-rna-008-tumor_pass2_exacto_rna_consensus.fasta
scga-mini-rna-009-tumor_pass2_exacto_rna_consensus	/Users/ajslee/Documents/Research/projects/project_exacto/exacto/test/data/assembly/rna/pass2/scga-mini-rna-009-tumor_pass2_exacto_rna_consensus.fasta
scga-mini-rna-010-tumor_pass2_exacto_rna_consensus	/Users/ajslee/Documents/Research/projects/project_exacto/exacto/test/data/assembly/rna/pass2/scga-mini-rna-010-tumor_pass2_exacto_rna_consensus.fasta
scga-mini-rna-011-tumor_pass2_exacto_rna_consensus	/Users/ajslee/Documents/Research/projects/project_exacto/exacto/test/data/assembly/rna/pass2/scga-mini-rna-011-tumor_pass2_exacto_rna_consensus.fasta
scga-mini-rna-012-tumor_pass2_exacto_rna_consensus	/Users/ajslee/Documents/Research/projects/project_exacto/exacto/test/data/assembly/rna/pass2/scga-mini-rna-012-tumor_pass2_exacto_rna_consensus.fasta
scga-mini-rna-013-tumor_pass2_exacto_rna_consensus	/Users/ajslee/Documents/Research/projects/project_exacto/exacto/test/data/assembly/rna/pass2/scga-mini-rna-013-tumor_pass2_exacto_rna_consensus.fasta
scga-mini-rna-014-tumor_pass2_exacto_rna_consensus	/Users/ajslee/Documents/Research/projects/project_exacto/exacto/test/data/assembly/rna/pass2/scga-mini-rna-014-tumor_pass2_exacto_rna_consensus.fasta
scga-mini-rna-015-tumor_pass2_exacto_rna_consensus	/Users/ajslee/Documents/Research/projects/project_exacto/exacto/test/data/assembly/rna/pass2/scga-mini-rna-015-tumor_pass2_exacto_rna_consensus.fasta
scga-mini-rna-016-tumor_pass2_exacto_rna_consensus	/Users/ajslee/Documents/Research/projects/project_exacto/exacto/test/data/assembly/rna/pass2/scga-mini-rna-016-tumor_pass2_exacto_rna_consensus.fasta
