variant_id	transcript_id	reference_gene_id	reference_transcript_id	chromosome_1	position_1	strand_1	operation_1	chromosome_2	position_2	strand_2	operation_2	variant_size	variant_type	variant_sequence	consensus_read_names	consensus_read_names_count	read_names	read_names_count
1	1	""	""	chr17	7674224	-	D	chr17	7674226	-	U	1	SNV	A	m64012_507476_774164/1/ccs	1	m64012_507476_774164/1/ccs	1
2	1	ENSG00000141510.18	ENST00000619485.4	chr17	7676620	-	R	chr17	7676622	-	R	1	IRT	""	m64012_507476_774164/1/ccs	1	m64012_507476_774164/1/ccs	1
3	1	ENSG00000141510.18	ENST00000445888.6	chr17	7676620	-	R	chr17	7676622	-	R	1	IRT	""	m64012_507476_774164/1/ccs	1	m64012_507476_774164/1/ccs	1
4	1	ENSG00000141510.18	ENST00000620739.4	chr17	7687491	-	M	chr17	7687491	-	M	-1	A3P	""	m64012_507476_774164/1/ccs	1	m64012_507476_774164/1/ccs	1
5	1	ENSG00000141510.18	ENST00000620739.4	chr17	7668420	-	M	chr17	7668420	-	M	-1	A5P	""	m64012_507476_774164/1/ccs	1	m64012_507476_774164/1/ccs	1
6	2	ENSG00000141510.18	ENST00000619485.4	chr17	7676620	-	R	chr17	7676622	-	R	1	IRT	""	m64012_104905_566269/1/ccs	1	m64012_104905_566269/1/ccs	1
7	2	ENSG00000141510.18	ENST00000620739.4	chr17	7687491	-	M	chr17	7687491	-	M	-1	A3P	""	m64012_104905_566269/1/ccs	1	m64012_104905_566269/1/ccs	1
8	2	ENSG00000141510.18	ENST00000620739.4	chr17	7668420	-	M	chr17	7668420	-	M	-1	A5P	""	m64012_104905_566269/1/ccs	1	m64012_104905_566269/1/ccs	1
9	2	ENSG00000141510.18	ENST00000445888.6	chr17	7676620	-	R	chr17	7676622	-	R	1	IRT	""	m64012_104905_566269/1/ccs	1	m64012_104905_566269/1/ccs	1
